{
	"parent": "minecraft:item/handheld",
	"display": {
		"thirdperson_righthand": {
			"rotation": [-70, -68, 33],
			"translation": [-1, -3.25, 7],
			"scale": [1.5, 1.5, 1]
		},
		"thirdperson_lefthand": {
			"rotation": [-70, 128, -33],
			"translation": [-0.5, -3.25, 7],
			"scale": [1.5, 1.5, 1]
		},
		"firstperson_righthand": {
			"rotation": [0, -90, 110],
			"translation": [3, 0, -3],
			"scale": [1.5, 1.5, 1]
		},
		"firstperson_lefthand": {
			"rotation": [0, -90, -160],
			"translation": [3, 0, -3],
			"scale": [1.5, 1.5, 1]
		}
	}
}